delta,theta,alpha,beta,alpha_beta_ratio,rel_delta,rel_theta,rel_alpha,rel_beta,spectral_entropy,hjorth_mobility,hjorth_complexity,ActualLabel,PredictedLabel,Score_Drowsy,Score_Active
1.91614854040348,1.56704617503654,1.45475265883624,9.26372832701838,0.157037491545747,0.144075066495613,0.117826085561481,0.109382744415195,0.696539045157445,3.71465261324609,0.500680311616516,1.17994273257139,1,1,-2.09317812374256,2.09317812374256
2.2484821123222,1.38976262743443,0.74424403391724,9.62365313641198,0.0773348772412966,0.168028927059013,0.103856873877171,0.0556173099193709,0.719174994560816,3.63902559584949,0.507523459055034,1.16882406132109,1,1,-1.45094610568325,1.45094610568325
1.84735480285481,1.01911254655998,0.919014424150335,9.51924225903318,0.096542812877595,0.145063929143518,0.0800260296587247,0.0721658032884615,0.747500524766762,3.58350156328926,0.50986923446898,1.16487848965006,1,1,-1.3464131630257,1.3464131630257
5.5523042777163,1.70595849646117,1.21354194908005,9.30517944196726,0.130415749276887,0.339291408711534,0.104248080169301,0.0741573834644493,0.56862291460677,3.94403163872624,0.445216651463012,1.3126588145604,1,1,-3.85250470118982,3.85250470118982
1.20037629254039,0.854171099198917,0.928791963334284,8.20625039184303,0.113181041155836,0.112650053855553,0.0801602138634181,0.0871630549023785,0.770120631620324,3.59401501855346,0.515038023774972,1.14517746769368,1,0,0.229716508473151,-0.229716508473151
12.0632001496572,2.25990814324614,1.32407042368389,8.1369401791442,0.162723381828174,0.544547265139966,0.102014953213488,0.0597701206251037,0.367311199863197,3.59266230244637,0.368184221675262,1.59844677186032,1,1,-2.27309618187989,2.27309618187989
2.19328713663553,1.01251969215461,0.634193973097806,8.56336116587629,0.074059000994256,0.185409044678279,0.0855931290092313,0.0536114477346367,0.723901848727271,3.59625722553893,0.496527851282946,1.18983144648428,1,1,-0.060287823684727,0.060287823684727
1.98313105935678,0.831829723112037,0.657241995532211,8.54681841134788,0.07689902416314,0.17173974929673,0.0720367055070807,0.0569173555158753,0.740157058366906,3.52610798913944,0.502704292335183,1.18730309708085,1,0,0.412473308958814,-0.412473308958814
1.23881997456837,0.941630906138733,1.63916959961531,9.54002466049485,0.171820268599838,0.0977649435253527,0.0743114368917528,0.129359654045538,0.752877731478877,3.867220752125,0.506966391317498,1.15937639176096,1,1,-4.32427895557013,4.32427895557013
2.0714924945831,0.905699800046299,0.885164043380404,7.80230633297991,0.113449024635045,0.187056325461706,0.0817849338151518,0.0799305495040606,0.704550345507067,3.84879847847627,0.499970658829611,1.17983592507153,1,1,-1.4688377922461,1.4688377922461
1.43789962129743,0.85045286474711,0.806785953980647,8.80495108015236,0.0916286696696429,0.125714097490021,0.0743542266552766,0.0705364731793908,0.769807893465028,3.54999303347102,0.520514745540112,1.14360314139146,1,1,-0.170228051601877,0.170228051601877
1.71537475807785,1.46240138330505,1.14251976580013,9.72865033416013,0.117438670993078,0.131653161551203,0.112237728031337,0.0876871590852108,0.746663414561114,3.72645730400767,0.505144225844501,1.17055152409474,1,1,-2.60277219105834,2.60277219105834
2.23871837265678,0.903846573594847,0.532208654587306,9.26688546629073,0.0574312325886913,0.180683823209344,0.0729481905836932,0.0429538148390754,0.747917342236066,3.46391376253712,0.522836954936234,1.14340950235276,1,0,0.197993477059261,-0.197993477059261
2.87506755292738,1.40647882641789,0.936795401457222,9.55824152406932,0.0980091786860803,0.205504564632056,0.100532531346234,0.0669604200881332,0.683205603656826,3.70739335693745,0.48193740731003,1.22743578787902,1,1,-2.06769119328616,2.06769119328616
2.01010626630322,1.26034138079707,0.929645682247063,9.45746167440406,0.098297589168464,0.155095015816807,0.0972449415566426,0.0717292484527706,0.729715235740318,3.6853918870152,0.505582366086185,1.17111109532455,1,1,-1.91894741396383,1.91894741396383
2.10600909082054,1.11691720896878,1.28849288626171,9.65468650908372,0.133457765309047,0.155261071835394,0.0823423620400061,0.0949914164403394,0.711771369918931,3.80123919160793,0.492262635945444,1.2010528593561,1,1,-3.51190579096855,3.51190579096855
3.13076436809542,1.41383851616882,1.45098807489209,11.8366756866355,0.122584086385872,0.184807635278271,0.083458261982665,0.0856511839953345,0.698713728026003,3.8112996471981,0.493699490894194,1.19207206887932,1,1,-5.22054551655985,5.22054551655985
3.76925424208447,0.980650595064141,0.48136766032341,9.84986825326267,0.0488704668881192,0.259681838290229,0.0675616800807349,0.0331637058414826,0.678604235916252,3.49671005031622,0.497834495768503,1.19951790609272,1,1,-0.533462545167519,0.533462545167519
2.41553513020568,0.94966366677697,1.05670127914043,11.3816853201614,0.0928422504590424,0.159212577202958,0.0625941630791757,0.0696492184617014,0.750188821547656,3.52157441008296,0.520238856704178,1.1424889399174,1,1,-2.91909653748375,2.91909653748375
2.07179237811293,1.2853805893881,0.930775293612299,12.5635328136389,0.0740854747958994,0.127557964926053,0.0791394610144949,0.0573068052141285,0.77352281769139,3.38391230698822,0.436822371518376,1.36004879403354,1,1,-2.75105043167563,2.75105043167563
4.85807742290936,1.15173121006534,1.21049973411329,11.7279283878822,0.103215136900395,0.266585325465513,0.0632008534973457,0.0664257560146607,0.643566031199114,3.58386669420223,0.470269074791681,1.26742687835816,1,1,-2.84229839186222,2.84229839186222
2.03969992535559,1.5046899311217,0.834122669321804,12.1469962592978,0.0686690480112179,0.128424911331541,0.0947392646259366,0.0525185732056179,0.76480706703606,3.38679830400608,0.525130904098184,1.13922232800768,1,1,-2.00400888123969,2.00400888123969
2.64342053230038,1.26326670992564,1.01872475137021,13.4805824449063,0.0755697875469129,0.149386042066271,0.0713902353272742,0.057570582017727,0.761820085599524,3.39947358408875,0.519847156236222,1.15107386064157,1,1,-3.19453757234127,3.19453757234127
5.08041286949146,1.8986369584298,1.23780631327501,11.0470422100525,0.11204866331991,0.277725082943027,0.103790601335791,0.0676657330521475,0.603895941703074,3.75483795801946,0.477075028810243,1.24436817953761,1,1,-2.9894347397665,2.9894347397665
2.22473893244341,1.62457938344287,1.00443692036371,12.635441611009,0.0794936141755871,0.133474385405943,0.0974674967862633,0.0602617226990048,0.758069982400064,3.46666962343758,0.524791675924079,1.13496983381133,1,1,-2.93378804055537,2.93378804055537
1.50059971328777,0.899836558379097,0.95012477909868,11.4070175882809,0.0832930055332606,0.105765104089435,0.0634221814236698,0.0669665902702009,0.803988160127801,3.32130897853603,0.533175921272815,1.11926251779592,1,1,-1.62462567630454,1.62462567630454
1.50225219181237,0.611724666523397,0.566658327729732,11.8804073175365,0.0476968771006104,0.105234838195186,0.0428521566834461,0.0396951974878803,0.832238920048129,3.33315226932103,0.535849289577955,1.10894737879879,1,1,-2.42510110987875,2.42510110987875
1.26764362528645,0.945825394843731,0.447445913992963,12.4324731290745,0.0359900970102696,0.0864462602137823,0.0645000428894109,0.0305133281476398,0.847825671015362,3.22811659649443,0.540521056535246,1.10042440778592,1,1,-1.92901957243468,1.92901957243468
3.97405085668917,0.746448163531489,0.806327704657405,11.3262362315155,0.0711911431278276,0.245243564900446,0.0460642340119331,0.0497594741233183,0.69895596470438,3.48551676142069,0.492883964052462,1.20787999238329,1,1,-2.18498610080079,2.18498610080079
1.67849300574239,0.680819045313361,0.633220178201302,11.3408051916094,0.0558355573085582,0.12031416468246,0.0488010223793321,0.0453891416524977,0.812907470443403,3.16865851731963,0.534302603007955,1.1143096900018,1,1,-0.276661196880733,0.276661196880733
1.48082344965963,1.15392691306794,0.759331995968699,10.8932563141979,0.0697066124276369,0.108364545980805,0.0844427241197327,0.0555668314212337,0.79715294555331,3.34760106935819,0.529469024984053,1.12140792773251,1,1,-0.913761842338583,0.913761842338583
1.67872938318803,1.01870612882412,0.481729963351601,10.9527308090491,0.0439826351756585,0.122489270229582,0.0743303664948674,0.0351496508309176,0.799171097651071,3.29096935951921,0.532861314265211,1.11830607891079,1,1,-0.423843993024017,0.423843993024017
2.13556202435885,1.38671971079816,0.836317368212554,11.7627293940077,0.0710989210241118,0.138379206580986,0.0898560524778367,0.0541913241306566,0.762196153613621,3.37331264498487,0.523678784586452,1.1426487814526,1,1,-1.59589503344265,1.59589503344265
2.59585496832362,1.71339888222714,1.11617047116676,12.0159592860448,0.0928906668702735,0.158833547330012,0.104838377250006,0.068295539436441,0.735224988015418,3.4765210098984,0.51392812285312,1.1558950491974,1,1,-2.23587151294741,2.23587151294741
2.37602775701623,1.65036026993103,1.11067259643056,9.81681391524403,0.113139823777841,0.1707594397503,0.11860745071155,0.0798213866620242,0.705510968611371,3.71014220689404,0.502183387545003,1.18043148191404,1,1,-2.28932876873481,2.28932876873481
2.14599417859146,1.11996848452764,0.961532050400328,10.0013662206227,0.0961400701853777,0.158866296552859,0.0829104044958811,0.0711814772788614,0.740393439921657,3.5765570330614,0.517666905160171,1.14866888889506,1,1,-1.75598328215168,1.75598328215168
12.379378215254,2.03598275203214,0.964150031661703,9.76703947166216,0.0987146652226668,0.510813025069527,0.0840112072247223,0.0397839362955346,0.403019512914272,3.6418708282915,0.398006153737898,1.49145048754124,1,1,-2.88458291769192,2.88458291769192
1.93972253565014,1.26291145626061,0.965187042193456,11.2226429700664,0.0860035416583999,0.1314960814177,0.0856142590621241,0.0654311694332305,0.760796220382627,3.49580562103543,0.521662326334861,1.14162859606005,1,1,-2.34963963947318,2.34963963947318
0.865562289228766,0.79168499636663,0.73171428896699,9.92028682716432,0.073759388384151,0.0727828476067378,0.0665707011039434,0.0615279226559296,0.834170727331443,3.21603266765313,0.543399643195384,1.09338948693326,1,0,0.975861476049734,-0.975861476049734
1.7806384981259,0.825584342154295,0.661873223663916,11.4786215448015,0.0576613856533733,0.125148954850856,0.0580247016284247,0.0465185618936614,0.806754145196995,3.58548314743654,0.518403159312689,1.13872827405347,1,1,-3.77816501547094,3.77816501547094
2.72716688369963,1.43207402810677,1.32483210016351,11.3116022892532,0.117121524102929,0.170994606717067,0.0897916943365218,0.0830675765709961,0.709242619640048,3.72915551892621,0.493058289729746,1.2005548517965,1,1,-4.15714586520407,4.15714586520407
2.85238339785235,1.251953447026,1.34095979395427,12.2455644065306,0.10950575648756,0.168072048023477,0.0737693186792986,0.0790138727692526,0.721549946812416,3.83514553775605,0.505971778442836,1.16674797402984,1,1,-5.99483380342455,5.99483380342455
4.60268668984466,2.43879647752597,2.00594065669665,15.9987926278535,0.125380752370298,0.192928030521227,0.102225554976255,0.0840817996786138,0.670611701469835,4.03360760019342,0.447725050490381,1.31237353075383,1,1,-7.28119354801934,7.28119354801934
4.37048362347384,1.09486336028405,2.33835932846875,13.5652383755709,0.172378786404506,0.216021554773103,0.0541162273397731,0.115578975068326,0.67049419176851,4.13101914858535,0.471448481027145,1.24101318018719,1,1,-9.21027621563068,9.21027621563068
5.3822797197657,2.10337161513389,1.10170487845081,15.2192063229505,0.0723891151136732,0.239946356314078,0.0937699973437656,0.0491148890584273,0.678484451444141,3.83299546441103,0.468431614324574,1.25693051061425,1,1,-5.13199260413539,5.13199260413539
5.83871041008162,2.14105081560361,1.06701205209665,11.536794572278,0.0924877395893476,0.295182995510374,0.108243387477916,0.0539440718347183,0.583256462686125,3.93678770978567,0.453177556215542,1.30210465038597,1,1,-4.23271857810054,4.23271857810054
4.66177664868631,1.37898618058581,0.693330016644163,11.7935695363617,0.0587888183053064,0.261995595008785,0.0775001318420694,0.0389657042662751,0.662808088162541,3.53749432518079,0.482249468641829,1.23548313542868,1,1,-1.95211296050699,1.95211296050699
1.79495642645888,1.03754844056868,1.02238148476651,11.7462306573296,0.0870391119153229,0.120275989544224,0.0695237853966498,0.0685074818303962,0.787088474627873,3.28953414141762,0.528968888563713,1.1272010071227,1,1,-1.47950207228193,1.47950207228193
4.57110876681,1.10499999351292,0.578758024418612,11.9697616496654,0.0483516749420644,0.258343580206816,0.0624508558022905,0.0327094426602478,0.676490373899989,3.36763129760273,0.487145468623198,1.22770385454767,1,1,-0.903377772127935,0.903377772127935
3.07276697446464,1.78039922406731,0.785105468988931,12.3939764026184,0.0633457288835134,0.178814333456045,0.103607238421561,0.0456878482151777,0.721245915398546,3.55045784757908,0.512242851610074,1.15980160320826,1,1,-2.72660934178024,2.72660934178024
6.04079020230373,1.87865971683192,0.621653486734895,11.2455423526572,0.0552799915948922,0.323442183171083,0.100589124915471,0.0332852084233567,0.602120359700491,3.57587352192826,0.466657908769356,1.27207227457693,1,1,-0.996743739576497,0.996743739576497
2.5921746031871,0.989726675691518,1.36114581511966,10.8040677519475,0.125984568624563,0.171820580157883,0.0656033784938579,0.0902226506446696,0.716140489503401,3.58477682773328,0.50166716229607,1.18198886636913,1,1,-2.9734581562033,2.9734581562033
3.33386427170603,1.00006103061144,1.1907134399902,10.2050656224765,0.116678665678314,0.222034283676191,0.0666037416246272,0.0793011305095953,0.679654074278072,3.70150405762444,0.480386949084183,1.23358134503431,1,1,-3.17796008772852,3.17796008772852
4.4152183692006,0.930973856783218,0.661142356030238,10.7904314477653,0.0612711696683048,0.272052578212669,0.0573638304626648,0.0407376187276078,0.664874180599839,3.59829523252769,0.492450504921769,1.20356523719906,1,1,-2.31081409963034,2.31081409963034
3.07261761105559,1.2118707101317,0.597958394355796,10.5971491627741,0.0564263449698639,0.203678137431452,0.0803326675467945,0.0396375558044299,0.702465414437165,3.44012860169681,0.505358249923803,1.18310342006782,1,1,-0.726918665216014,0.726918665216014
2.34375001052024,0.826087748537069,0.539770582059204,10.7581468615367,0.0501731933023737,0.168175230585725,0.0592757320408186,0.038731111122661,0.771948296956985,3.27586244128757,0.525039176432105,1.13958685320364,1,1,-0.0638835431821387,0.0638835431821387
3.30815047096219,1.28009842371488,1.12258724404251,10.08532321253,0.111309000255719,0.223975175881725,0.0866678441969626,0.0760036998419462,0.682817199573591,3.78813293050114,0.484174398056053,1.22585510314897,1,1,-3.47562070750863,3.47562070750863
1.37713450960283,0.783344115168869,1.16619889084009,11.8471245227261,0.0984372949404722,0.0942503830963037,0.0536116715078137,0.0798140569869698,0.810811156840866,3.38705016772595,0.532507097727944,1.11918621726284,1,1,-2.92954643456282,2.92954643456282
1.5729460335315,0.859202506840565,1.21400503077223,11.6716411410962,0.104013224541121,0.105928080271191,0.0578619165398043,0.0817556480692162,0.786012052120298,3.55548601839957,0.525806758419255,1.12500599933183,1,1,-4.00031739165812,4.00031739165812
5.2872021208555,1.46902939972988,0.972776584845128,11.6340405763054,0.0836146804255046,0.288354279587928,0.0801181616609079,0.0530534458322608,0.634499176009266,3.78989109524482,0.467741020027719,1.25789673945354,1,1,-3.9180743177075,3.9180743177075
1.55668192673214,0.712188020083494,1.02826970315778,11.4713074528399,0.0896384049843608,0.109336610580187,0.0500219234736078,0.0722225408896343,0.805709794838886,3.47536818472085,0.53321162245596,1.11717579815386,1,1,-3.18662683927441,3.18662683927441
4.63706785045197,2.17963250472723,0.896797576779777,11.0215843201945,0.0813673924479806,0.260302442654508,0.122353970950492,0.050341855528309,0.618698154306633,3.95899390146728,0.419780692582892,1.39941078087877,1,1,-4.33426701382249,4.33426701382249
4.14226920533862,1.91004336528188,1.80467872210387,13.01556148785,0.138655464367675,0.210662481511542,0.0971386588313361,0.0917801521541622,0.661929571782237,3.95752365315831,0.446035450053796,1.31500703877357,1,1,-6.37576157034588,6.37576157034588
2.71433064323467,1.12560479802366,1.48297110662863,12.9120331235057,0.114851866661413,0.15612403162712,0.0647430185133457,0.0852981667986774,0.742679847338826,3.65031895283405,0.512419731947443,1.15595788672573,1,1,-5.17702468610575,5.17702468610575
1.56067628159001,0.909141505397408,0.775593289091039,12.6028633212248,0.0615410378834184,0.101852745238578,0.0593323287009399,0.0506167144425742,0.822487175768161,3.32960772279945,0.534978460691483,1.11096438978058,1,1,-2.90022753683972,2.90022753683972
1.9236089208078,0.796373723278575,1.0306636375177,12.9718534503351,0.0794538453169983,0.118609340087375,0.0491042439860029,0.0635505130880201,0.799841880962105,3.54840461568153,0.521685625906171,1.13820470820669,1,1,-5.09660323952623,5.09660323952623
1.57666623733389,1.02526346954955,1.27912567462766,12.4113447242949,0.103061006123197,0.100323993044157,0.065237982999781,0.081391351095934,0.789739535422746,3.50497652199786,0.527092788475868,1.12791760145214,1,1,-4.18102354924103,4.18102354924103
1.69076824380874,0.98799693348395,0.757837921827095,12.7112735899,0.0596193541478997,0.108292282165794,0.0632803715657475,0.0485388806934101,0.814146368861999,3.38100807988475,0.538664276541336,1.10942586373586,1,1,-3.26801776782649,3.26801776782649
1.85373808416117,0.91012563462462,0.779302676723088,13.0924678212258,0.0595229782012267,0.114738106627373,0.0563327111861752,0.0482353544876928,0.81036527313243,3.40326451388811,0.531849017326019,1.12568009960666,1,1,-3.8235292406844,3.8235292406844
4.67015266189332,1.18619393684578,1.2768020209184,11.5674788775566,0.110378591085709,0.260047553630532,0.0660506954997613,0.0710960146377189,0.644110546605119,3.72499135830294,0.480379011219622,1.23117148045048,1,1,-3.99096810756059,3.99096810756059
3.06343043827275,0.809789460398177,1.30158074780401,11.3144049257266,0.115037490380469,0.192310254375579,0.0508354344117707,0.0817081796842355,0.710274358506935,3.6502784479202,0.510477228879261,1.16361111893176,1,1,-4.01804823033425,4.01804823033425
1.22719179794535,0.674390299357512,0.52578288022302,10.4673838843928,0.0502305911419737,0.0981979533001253,0.0539636487411691,0.0420723173057296,0.837583559126643,3.37998696880488,0.529014686307074,1.11956187595102,1,1,-1.0481313081688,1.0481313081688
2.8907271592664,1.24609073039949,1.02255239744509,12.4534456598495,0.0821099979375064,0.172705824701816,0.0744474021206301,0.0610921561848093,0.744028227004784,3.67377989965431,0.508255237878563,1.16815835129836,1,1,-4.65886964087432,4.65886964087432
3.28806238107229,1.1933162603407,0.93953258451666,13.1554881800227,0.071417538570966,0.186241143220168,0.067591352836983,0.0532166371417559,0.745148015551891,3.39252563326318,0.518301787117288,1.15309098804304,1,1,-2.56081938554557,2.56081938554557
3.56748238576213,1.72934776680732,0.698052151403907,22.8654958011107,0.0305286252034823,0.128486382827953,0.0622841587376757,0.0251410340012086,0.823523294404386,3.201825109434,0.53492707192987,1.11913573124631,1,1,-3.12256196705136,3.12256196705136
1.55051496849199,1.35036193073213,0.88875422457689,26.0200859314442,0.0341564676964755,0.0529460876847777,0.0461113776026721,0.0303486648377415,0.888518833605064,2.70968566919434,0.560713732919701,1.07035500804244,1,0,0.656386830685127,-0.656386830685127
2.31552675694773,1.75840692409153,1.45833457834592,30.6320623005607,0.0476081095695352,0.0663141847987787,0.0503588746559623,0.0417651268493044,0.877269171721749,2.95865117462018,0.555738380465405,1.07270876023357,1,1,-1.39911137121788,1.39911137121788
7.4184070352395,1.70576354495922,1.73451883900746,32.640002194943,0.0531408922293577,0.174468824140678,0.0401167741992821,0.0407930517770135,0.767639572195165,3.25937693768395,0.527400051393231,1.13818610133803,1,1,-5.14708822833732,5.14708822833732
2.07834669196503,0.972700145089347,1.37229672093207,25.0423794957085,0.0547989747207226,0.0722016605834837,0.0337915546028776,0.0476735197489526,0.86997101664613,3.23398372792069,0.545347987229866,1.09298406334813,1,1,-5.29689324159637,5.29689324159637
16.6877730330892,5.33331382040413,1.41037159033553,23.2239984694128,0.0607290597350434,0.384858598085577,0.122998537671938,0.0325264271008471,0.535599056576169,3.59606793766343,0.451432169911203,1.32091101379893,1,1,-5.26577293877947,5.26577293877947
1.75025808836772,0.929664410902873,1.38647408702861,20.4547896510363,0.067782368368592,0.0736074265794146,0.0390972081910763,0.0583084233368091,0.860229949767102,3.26965988263963,0.545420759899058,1.09086464543006,1,1,-5.82708477807101,5.82708477807101
1.35736062792727,1.24702272010393,1.44111383730981,12.7649655362616,0.112896022571782,0.0848614598871303,0.0779631929519251,0.0900976657061307,0.798058812469186,3.8901631087347,0.522160189477923,1.13363383040745,1,1,-7.70727425206057,7.70727425206057
6.66661043046433,2.17362921100053,0.904897558031373,26.6269877718032,0.0339842255453927,0.189022645760757,0.0616302915329599,0.0256571360132146,0.754971920102882,3.15016017922482,0.524677875768624,1.14539949115673,1,1,-1.33213244732589,1.33213244732589
2.8710624838128,1.51306675275767,1.42969718413068,15.9175283869812,0.0898190440985815,0.138654921012114,0.0730719558604177,0.0690457108664609,0.768720170197752,3.56264013066286,0.528862878993314,1.13270728730113,1,1,-5.54569383855481,5.54569383855481
4.76281258428171,1.94192503545194,1.19988626390328,25.5744879202757,0.0469173133649333,0.147683173770907,0.0602143475909988,0.0372055394751745,0.793002344055415,3.21250716278367,0.536997806514647,1.11685374564363,1,1,-2.63258022334996,2.63258022334996
1.26136153734358,0.909379561623637,1.09594825859035,24.7889624326058,0.0442111387909002,0.0459703361462235,0.0331423488783271,0.0399418472457698,0.903434029027789,2.75757432683682,0.568946002560952,1.05462587979966,1,1,-0.790298488894119,0.790298488894119
2.85979750606141,1.63582895797972,1.8023049223543,24.1599968575306,0.0745987233765936,0.0969977189597459,0.0554835358783347,0.0611300156629113,0.819451230476307,3.20508639211036,0.540156918887564,1.10645853257019,1,1,-3.16522607920855,3.16522607920855
1.19640702087081,0.647169557543597,0.604670221330107,26.3131726438947,0.0229797535064782,0.0421501698139772,0.0228001894614798,0.0213029111881744,0.927029577674489,2.71554993751104,0.577298416027827,1.03989039241375,1,1,-0.971813066562599,0.971813066562599
2.25963256616847,1.37684053053117,1.07247471745895,23.454349027772,0.0457260491940768,0.0822963136064952,0.0501448340686901,0.0390597644079355,0.854212535225875,2.8552863292467,0.556324267383533,1.07697798169208,1,1,-0.576390391128039,0.576390391128039
1.18718366899582,0.78136439156324,0.663841426547526,26.180506922412,0.0253563244025363,0.0418598133533199,0.0275507223068808,0.0234068905572008,0.923118437262911,2.74760883438021,0.572538858192445,1.04418134381537,1,1,-1.08409794688006,1.08409794688006
9.38776063165073,1.68886751758477,1.35345657576565,22.9604784891364,0.0589472286653796,0.273122180431516,0.0491349531545954,0.0393766975530019,0.667999131503332,3.38763923046495,0.489634724953265,1.21742462716387,1,1,-2.53901659712001,2.53901659712001
4.89618913866186,0.969301463816248,0.95964685758562,21.8060227400871,0.0440083397611731,0.175466620142041,0.0347372307192065,0.0343912348689413,0.781470854287565,3.06723369501627,0.533441899239566,1.11998886867675,1,1,-1.46469454101556,1.46469454101556
4.60529217606307,1.79066028152046,1.52024671279347,23.1303806379172,0.0657251057209734,0.153577948975261,0.059715197827572,0.050697407061542,0.771355275969743,3.30602609764707,0.523654615543343,1.14242596337393,1,1,-3.15685391573804,3.15685391573804
1.65706363558849,0.933233357533881,1.33028274548835,22.6994904104378,0.0586040797143468,0.0636802812078665,0.0358637781699997,0.0511222245780476,0.872332179384644,3.05591155796708,0.558427045865161,1.07193535021734,1,1,-3.73568315802815,3.73568315802815
2.07878428393585,1.08172976020015,1.91026606287179,22.7448532944792,0.0839867392477516,0.0766569275643723,0.0398896992404084,0.0704426757224607,0.838735690341097,3.31377462360114,0.547939164795126,1.0886712129124,1,1,-5.45912959632782,5.45912959632782
1.98960308022134,1.12031949272058,1.0476764873955,23.9114607752792,0.0438148257541267,0.0722254496231957,0.0406692067818735,0.0380321613461574,0.868020371907455,3.19211270640515,0.551760646310548,1.08472303541106,1,1,-4.88752047942823,4.88752047942823
2.01376463939961,1.14531899359352,1.03855817742643,22.6277633567793,0.0458975180644744,0.076422582246883,0.0434649776216717,0.0394133932931744,0.858726026052402,3.07858777943601,0.547353996702644,1.0960614353784,1,1,-3.61275074011864,3.61275074011864
1.44125348756658,0.754032314332989,1.03133933579969,24.7393097295252,0.0416882826188491,0.0525630209604289,0.0274998233725312,0.0376133078550137,0.902251316009047,2.80616857992833,0.564747284138425,1.06113332278029,1,1,-1.53792229909073,1.53792229909073
2.72226162954438,1.18414011508998,1.37912180859589,23.0015779965325,0.0599577041542016,0.0985647393644857,0.0428740796065255,0.0499337683567478,0.832816550619186,3.06160756447453,0.550807055951347,1.08671859788379,1,1,-2.58202095235053,2.58202095235053
1.08310250392849,0.786062858050946,0.996766188687084,23.3866192942933,0.0426212175494006,0.0423150454926219,0.0307101917665608,0.0389420266935196,0.913677011886941,2.84867060866106,0.568957318730139,1.04838814349344,1,1,-2.44150435423067,2.44150435423067
1.84412760606624,1.14625666764336,1.54750719560113,25.9660112195817,0.0595974168891258,0.0621386646325118,0.0386236063161633,0.0521439136465069,0.874935800380656,3.03873088341223,0.560359588522097,1.06673349675468,1,1,-2.79398641179206,2.79398641179206
2.01108181487014,1.02949775541969,1.268481525943,21.7560212570012,0.0583048486190826,0.0791650805390745,0.0405255878303781,0.0499330466921306,0.856413280795107,3.15299972738931,0.551667873267637,1.08102360982358,1,1,-4.39832697783732,4.39832697783732
1.36114164680689,0.977465023752506,0.843415388284266,21.6400725101831,0.0389747025056124,0.0558406826990634,0.0401003924674858,0.0346010212759076,0.887781536521672,2.8077791974095,0.563711101761079,1.06252175132097,1,1,-1.83266749904085,1.83266749904085
10.4354889952548,3.07882485882619,0.697063676300706,25.4409179840976,0.0273993130568804,0.275565021284769,0.0813010715779877,0.0184070307470966,0.671806286124182,3.24033054192089,0.503265214745275,1.19288255338526,1,1,-0.296040782593048,0.296040782593048
3.6565055580791,1.98178223374647,2.27451118074844,23.2522531611736,0.0978189582309552,0.121201559351526,0.0656897940424315,0.0753928299821902,0.770738426841391,3.39693286440914,0.531092975400197,1.12473044101414,1,1,-3.9465853352995,3.9465853352995
2.65944375871671,0.847378720022455,1.04369364862409,23.7932294234003,0.0438651529832948,0.0953786508397653,0.0303905050825623,0.0374311702473574,0.853323599751546,2.90886706626696,0.553458660337779,1.08396554231631,1,1,-1.74142168310673,1.74142168310673
1.64261716861624,1.00337285643499,0.886368374246487,22.6092209963841,0.0392038440593882,0.0643134886598715,0.0392851177114601,0.0347040341929412,0.885220187601234,2.82056167208639,0.55879828899489,1.072741202505,1,1,-1.52625249958352,1.52625249958352
1.9968882049657,0.820350034901647,1.17737233299399,21.9823018235391,0.0535600112511073,0.0788269761510904,0.0323832413231412,0.0464766633320194,0.867749319807294,3.03178972016396,0.557571005818466,1.07269263217585,1,1,-3.54289889473186,3.54289889473186
2.93728015845238,1.39610767518843,1.11066531914968,24.6922031934961,0.0449804057761127,0.100303561679184,0.0476749117397188,0.0379274980031044,0.843200441362985,3.18423737659498,0.546980291112583,1.08633504498642,1,1,-3.80363520260984,3.80363520260984
1.68805864335109,0.890922187610938,1.28828845833903,24.255270434984,0.0531137536393285,0.0614106410072953,0.0324112570640299,0.0468672224987657,0.882393340471092,2.88005409136938,0.562532619738491,1.06226581114296,1,1,-1.79929806533938,1.79929806533938
2.26176687911754,1.12364825959358,1.47208703052997,24.3118252267681,0.0605502473302233,0.0795455417695867,0.039518312162524,0.0517727805887652,0.855038300775414,3.01163577989734,0.556384427633341,1.07524587448375,1,1,-2.38149094793733,2.38149094793733
2.37165569376206,1.03127060553321,0.950408230622878,24.5546100594395,0.0387058979280151,0.0838940743963767,0.0364797863074973,0.0336193904606475,0.868585726216004,2.96817198676854,0.557319230836803,1.07352068951336,1,1,-2.37766450415502,2.37766450415502
1.79345536216008,1.11007445646756,1.09992269379075,23.3217791719897,0.0471628980653329,0.0670833918698809,0.0415218361934962,0.0411421140726188,0.872340669473414,2.95292724826097,0.559946554878635,1.06927498984364,1,1,-2.40128399743265,2.40128399743265
10.332442631488,1.54091975549266,0.984887931055562,23.7518231413567,0.0414657824451662,0.290550033544681,0.0433309240240687,0.0276952151211446,0.667905282090562,3.34285845592601,0.492150615442741,1.21950956411271,1,1,-2.257270713311,2.257270713311
1.67624645705631,1.32794990807479,1.83329293594836,21.2100570140576,0.0864350781675547,0.0667483261567307,0.0528791176326401,0.0730019349567524,0.844586902729907,3.19525942954782,0.551717345764798,1.08236577573855,1,1,-4.14783495212405,4.14783495212405
2.53660537474254,1.67723451002729,1.40755088753481,22.9306257334747,0.061383012565594,0.0916171439868211,0.0605783765716543,0.0508379401920739,0.828208621037432,3.13422089969472,0.546042902817387,1.09501118182752,1,1,-2.68822049912883,2.68822049912883
1.96219031787147,0.89431538886272,1.17121067231015,21.9655661932954,0.0533203042436319,0.0773438467133333,0.0352513167145818,0.046165725048751,0.865818860256497,2.95544035027811,0.556397126135997,1.07579044121395,1,1,-2.65344718146089,2.65344718146089
1.79479963117064,1.25574533878185,1.19991862623548,24.386679741799,0.0492038538636651,0.0643233002937286,0.0450042907944167,0.0430035335326215,0.873987099705167,2.96898217858925,0.55746168335033,1.07287345293951,1,1,-2.17628113988764,2.17628113988764
3.12290930273205,0.871105550558888,0.745109758892662,21.3991706322651,0.034819562481978,0.121697620584384,0.0339463822046075,0.0290364131459445,0.833910913182014,3.09476699039248,0.545945304409541,1.09212741505501,1,1,-3.42483110065028,3.42483110065028
1.45409059240767,0.787143674720244,0.45406897010087,19.8706274713327,0.0228512648005683,0.0654965881130503,0.0354553047231946,0.0204526241108337,0.895032475853374,2.73336887283161,0.568924608878842,1.05263112297195,1,1,-1.68358803652056,1.68358803652056
1.28424196793504,0.950618995428444,0.808798574659763,22.4524281652392,0.0360227663888908,0.0512652083188285,0.0379474289497286,0.0322861489136458,0.896270668529296,2.95982980697717,0.560831177137125,1.06214271536732,1,1,-3.48582079122961,3.48582079122961
1.56421590400582,1.49500925334104,1.31909161740902,22.1085472757825,0.0596643280517098,0.060787032380861,0.0580975910421317,0.0512612515033385,0.859160794686424,3.07147136823094,0.556616301668525,1.07235585695424,1,1,-3.09430030560572,3.09430030560572
1.66585448192455,0.810595382227399,1.08578072779052,22.0908843422742,0.0491506229885382,0.0662889586762258,0.0322558328945597,0.0432062191367374,0.879057405779231,2.85387803241268,0.564481190661148,1.06190846243892,1,1,-2.04353207587003,2.04353207587003
2.08426885186502,1.2447416238598,0.832069235229973,20.8645686038118,0.0398795321882649,0.0859143311223884,0.0513087090172744,0.0342982008910864,0.860045216407508,2.97121117697704,0.553733675928807,1.08070118586806,1,1,-2.43284287588578,2.43284287588578
8.24544603378785,1.48014187226776,1.59427862173761,21.2653723429079,0.0749706422266954,0.261179531673873,0.0468843964808769,0.0504997476275776,0.673593637825284,3.3544403218507,0.452436269183375,1.31908896159085,1,1,-1.99430756506087,1.99430756506087
3.22943017455603,0.896211539359821,0.973002393272249,19.4749777173624,0.0499616691424913,0.134630105573498,0.037361716351953,0.0405630120018057,0.811882643194314,3.16950076857109,0.537508542962832,1.11291051322674,1,1,-3.62491064991461,3.62491064991461
1.1178350674156,1.23997012709142,0.752628732324963,19.2313798805487,0.0391354513820508,0.0512476317400422,0.0568469663317591,0.0345045894832573,0.881670921498113,3.03836647290814,0.556629996862365,1.07417882449186,1,1,-4.06470709556724,4.06470709556724
1.74431837733553,0.972376922244196,0.551290592023708,21.2387204681277,0.0259568646261442,0.0724780446457718,0.0404031620022177,0.0229066348555716,0.882488512595611,2.85839171098831,0.560052636620337,1.07293825833389,1,1,-2.26451307225572,2.26451307225572
0.953595932082601,1.54281672963618,1.04914697830622,20.6579338163757,0.0507866366322924,0.0405776118659326,0.0656502574405084,0.0446435198009403,0.879040683953344,3.05924531763126,0.554091746664125,1.07780157152415,1,1,-3.75463805376919,3.75463805376919
2.93328311527415,1.25897091053427,1.06491679278064,21.8668205061796,0.0487001204624005,0.112046256713575,0.0480904748341899,0.0406779487875461,0.835274089700701,3.0846071279826,0.5469985627869,1.0964748130307,1,1,-2.71460325927161,2.71460325927161
1.27087044276732,1.21469017979989,1.18043348212289,18.8057074640922,0.0627699587679334,0.058368391735707,0.0557881510704525,0.0542148133939313,0.86370637257177,3.03528544976029,0.556168016580904,1.07649116047212,1,1,-3.54306728697086,3.54306728697086
2.28155958270612,1.56990181430057,1.19230274626444,20.0440965733536,0.0594839853171271,0.0938921745012058,0.0646055865537545,0.0490663922866955,0.824867265115271,3.26949716171206,0.545230470061706,1.09425533774346,1,1,-4.44962409615821,4.44962409615821
4.68618461916677,1.43866533227143,1.50569401032088,21.1009882367291,0.0713565636561047,0.168832785855299,0.0518319049931098,0.0542467988496175,0.76022156996032,3.3018697932157,0.521221493040939,1.14156230813879,1,1,-3.06896696205028,3.06896696205028
5.12165829716057,1.13673543837968,0.911399132729227,21.222700247512,0.0429445415569148,0.184805098086654,0.0410168917955336,0.0328860686027207,0.765779943398311,3.21295564180671,0.531829045633472,1.12565343372603,1,1,-2.51579763708996,2.51579763708996
2.6932092577251,1.2702305403521,1.11025345030315,21.932438460886,0.0506215235612383,0.103172764551129,0.0486606067053619,0.0425321268637559,0.840198474317029,3.07317167234123,0.545787967031116,1.09062417187267,1,1,-2.7435813059004,2.7435813059004
2.39668635443884,1.5330632404582,1.94875894242872,22.5008434815503,0.0866082617759028,0.0877452944880266,0.056127112858816,0.0713461846907457,0.823780355681916,3.50448779975823,0.538771655588592,1.09931068821881,1,1,-6.5434338313854,6.5434338313854
1.60270996853942,1.35801964308723,1.37435286667674,24.0558762750026,0.0571316900272254,0.0585284087137781,0.049592708769624,0.0501891720128963,0.878482187188569,3.0914781876219,0.556357812960397,1.07024974570003,1,1,-3.33758579450746,3.33758579450746
4.97979866244328,1.48596917436957,1.32961250989977,24.2000994287717,0.0549424399603493,0.160284779232472,0.0478288897212615,0.0427962377718812,0.778928598780219,3.25088919286951,0.525151669717772,1.13809615936791,1,1,-3.15854683138881,3.15854683138881
4.77261438288237,1.50794273119334,0.939673104751571,25.2347661358252,0.0372372424493183,0.150878421662186,0.0476711506497226,0.0297062330096946,0.797755984485859,3.18210109925458,0.538963745825286,1.11125312197081,1,1,-2.85367816775284,2.85367816775284
1.65687007559308,0.989000985023545,0.91037136746188,23.7958573402673,0.0382575569538885,0.0620030127218173,0.0370101684855131,0.0340677089349401,0.890483126667017,2.76058589660884,0.564991383200675,1.06049468602937,1,1,-0.727706324852714,0.727706324852714
1.75702865548759,0.932113100187277,0.904202786901471,22.4583318412613,0.0402613512567409,0.0685546904303085,0.0363686299764081,0.0352796421097928,0.876265724039404,2.87618156199342,0.560466735378734,1.07056062320657,1,1,-2.13150527413294,2.13150527413294
2.77982404571189,1.02313919226372,1.12635248127185,24.467876661037,0.0460339283573989,0.0968018844268824,0.0356288024757921,0.0392230015004735,0.85204549991809,2.94066179505518,0.547545000294528,1.09645163061533,1,1,-1.69570066550265,1.69570066550265
2.17649461744354,1.3372569158644,0.940313209126925,26.0136862492012,0.0361468651585586,0.0732764425201482,0.0450216732651995,0.0316576968614132,0.875807534693434,2.88552361402901,0.558622408758926,1.07315367131741,1,1,-1.03212845583611,1.03212845583611
2.53524446929886,1.82031235595848,1.18958888718672,25.1609243723356,0.0472792203332032,0.0856970005538871,0.0615306771658053,0.0402107965360561,0.850496185272685,3.04889257621453,0.553948485528028,1.08312031466999,1,1,-1.76610037895092,1.76610037895092
1.25245564358496,1.17660350413482,0.87486889836933,24.4541501455729,0.035775886430783,0.0460885657038652,0.0432973161049415,0.032193916735725,0.899877541762993,2.75591739691572,0.565027619450379,1.06303162245257,1,1,-0.577893266051755,0.577893266051755
4.79821369575961,1.00087537390975,1.0381187021997,25.6625304516183,0.0404527022055315,0.150863086001052,0.0314690335163527,0.0326400200115431,0.80686871907113,3.03025328867721,0.520591150135082,1.15345950790608,1,1,-1.82252924730157,1.82252924730157
1.49336565024331,2.05996391248567,2.36560753353952,27.8978006982086,0.0847954847455564,0.0458130386491182,0.0631949759411693,0.0725714223740406,0.855840645192415,3.01847950064788,0.560369056835319,1.06828684263308,1,1,-0.681476082821429,0.681476082821429
4.65345415826724,1.41997691350963,0.7874317859134,23.7355860306928,0.0331751566991083,0.15662881629208,0.0477944545193308,0.0265038623662512,0.798906923232817,3.10082603250404,0.530543332488078,1.12971108488978,1,1,-1.82253447120585,1.82253447120585
2.20484977840569,0.823835595719303,0.851843144180929,24.2810658933061,0.0350826091376725,0.0797597275190693,0.0298019861845623,0.0308151501904075,0.878359704361825,2.86499667366584,0.552277627769433,1.08399616956966,1,1,-1.75011075498078,1.75011075498078
0.812611258241082,0.8598244335136,1.09885250201975,24.0191799160732,0.0457489600335777,0.030938533889836,0.0327360802669036,0.0418365916407018,0.91448180701803,2.73222581390309,0.569430958482268,1.05014034176059,1,1,-1.04387962013446,1.04387962013446
4.06860169815826,1.08315268252066,0.499710628989405,24.9613376923299,0.0200193849844416,0.134822909126401,0.0358928709466954,0.016559114339512,0.82715399860591,3.00747611339352,0.537078075098824,1.11749555322492,1,1,-1.94242587614725,1.94242587614725
2.90375145990515,0.959238087613305,1.07804408836445,22.4169712036395,0.0480905327740899,0.108230210094635,0.0357532458224077,0.040181447960004,0.835537592165185,2.98332899098952,0.545998561390919,1.09226403117502,1,1,-2.13586492371756,2.13586492371756
2.08025958266748,1.07713548208452,0.760785141539568,23.5473361456704,0.0323087561511476,0.0776031104299147,0.0401820351943769,0.0283807337527697,0.878422357703846,2.83755855347338,0.537784264600244,1.11138911088323,1,1,-1.24791753732772,1.24791753732772
2.74280962709125,1.14424677244065,0.765397629330957,25.7150640045925,0.0297645624834635,0.0926176080831524,0.0386382627775408,0.0258455041724229,0.868331398681973,2.93325124960911,0.55675637711049,1.07445875843365,1,1,-1.72008554276429,1.72008554276429
3.47520836188226,1.15711959260927,1.3813776829812,25.3457720032496,0.0545013062850913,0.113533251416588,0.0378024958352753,0.0451288911201353,0.828033201334115,3.15494454376444,0.544375169722251,1.09854573494268,1,1,-3.49650275905428,3.49650275905428
1.11576811923016,1.18145803337433,1.12985193764671,24.8043578807867,0.0455505416861399,0.0404343033532535,0.0428148391204763,0.04094468662771,0.898884735769643,2.82119899316487,0.563344315292556,1.06296467250613,1,1,-1.0781959807531,1.0781959807531
2.85959020827132,1.12155334369871,0.941145691702745,24.7510829574616,0.0380244247623525,0.0987072361460863,0.038713739621393,0.0324864345143121,0.854357027551316,2.8823482967264,0.554750197976392,1.07940814505517,1,1,-0.971774613158128,0.971774613158128
11.1441599032742,2.91371832897114,1.12624106303724,20.6963902268287,0.054417270388403,0.323336160071817,0.0845384940809762,0.0326767081411557,0.600484146079468,3.50446844695344,0.467927473784679,1.26806885234543,1,1,-1.82637413778947,1.82637413778947
2.71800756110488,1.41280239409281,1.57925243985265,21.9307871952716,0.0720107502658707,0.101941635011764,0.0529885891648549,0.0592314672404566,0.822536454928858,3.31516599274983,0.54339473035768,1.10043056016639,1,1,-4.731496585626,4.731496585626
1.93254614940602,1.36464233281841,0.335259033306633,2.70744787853733,0.123828434875634,0.350694375997764,0.247638273225702,0.0608386286243255,0.491313878637232,3.95766085226254,0.407062276566005,1.42447465926818,0,0,4.40413747877365,-4.40413747877365
2.28953276812443,1.04539590228965,0.833008871240489,2.26576924464056,0.367649474107253,0.399697846396122,0.182501205745485,0.145423492731419,0.395549301639951,4.2309856980367,0.378176237596686,1.50301655032917,0,0,1.74668001934545,-1.74668001934545
1.46828760279053,0.955626234379716,0.511823811574391,2.65006270086104,0.19313649122645,0.289826731010845,0.188632000332968,0.101029404511889,0.523098477508497,4.07733681599243,0.421242591054725,1.39151197321161,0,0,3.93514325785823,-3.93514325785823
1.88728382918666,0.983918932345688,0.514313298437099,2.12136480920571,0.242444532032032,0.373343236610017,0.194639233952489,0.101741660952413,0.419649229040853,4.24408329518093,0.384699221270866,1.48281126917799,0,0,2.62980254193731,-2.62980254193731
3.12621661063213,0.704457819849031,0.464051033059306,2.36102973507849,0.196546035047661,0.502927127998246,0.113328982683942,0.0746537691941778,0.379828416157441,4.03329797552688,0.357290882744348,1.60735541344259,0,0,2.5123471526983,-2.5123471526983
1.38848045372896,1.14576994146043,0.604999898669499,2.21304444099837,0.273379010137079,0.291945048070643,0.240912185504098,0.127208650309369,0.46531974142998,4.30511787612053,0.405933270954491,1.41410381777391,0,0,2.61956468520596,-2.61956468520596
1.88897018986593,1.7252317348322,0.507981295905452,2.09428614497371,0.242555821287654,0.355607106131842,0.324782607963781,0.0956297561365233,0.394258755072768,4.04010444867266,0.372800455816143,1.55187576265264,0,0,4.1300552000276,-4.1300552000276
1.40401492442335,0.860087215812417,0.553495950908486,2.20424564671607,0.251104477276885,0.301228890806827,0.184530173796205,0.118751566281755,0.472916960978007,4.28966818897197,0.407124432648376,1.4026133557312,0,0,2.8332668190313,-2.8332668190313
4.68280320629729,1.24152548629487,0.593430199687885,1.93761584895656,0.306268241977612,0.601558623344339,0.159487881399353,0.0762327687602033,0.24890850016952,3.96016756906883,0.290456339533981,1.93192877967635,0,0,1.46789894625018,-1.46789894625018
2.19259103751254,1.7742619040466,0.626622030793687,1.85844658393144,0.337175163500315,0.389255518464183,0.314988625573527,0.111245589945672,0.329934117302113,4.33583437880587,0.345741657825122,1.61359440027548,0,0,1.4879696504233,-1.4879696504233
4.43459044434589,1.57966960703511,0.812658087681434,1.71038571051026,0.475131476302497,0.58213942158715,0.207367052917073,0.106679594214651,0.224526472219518,4.02205207851975,0.279684516265905,1.99188450856562,0,0,1.20245065849459,-1.20245065849459
2.68166589089397,1.13786185703578,0.436039761355545,2.88512673547144,0.15113365939687,0.410636993648451,0.174238026350349,0.0667697110673763,0.441792459296192,4.19777707696812,0.37745051872019,1.51632525375676,0,0,1.26565537977793,-1.26565537977793
2.2867986259798,0.763404471391561,0.56535772090331,2.35333411996775,0.240236911582729,0.409513632258784,0.136708381057475,0.101242711615442,0.421428626219158,4.08138874180598,0.386396894675586,1.50719110681723,0,0,3.12789579472015,-3.12789579472015
1.02333977158158,0.988616329231146,0.491859390478485,2.55649094109447,0.192396297038281,0.221149977234596,0.213646029182779,0.106293819538379,0.552473312504713,4.2600928959095,0.425567766911724,1.34813066352776,0,0,3.17736929530607,-3.17736929530607
1.3216410290843,0.922151177844716,0.497744943216909,2.48258571648905,0.200494564965449,0.276163683180947,0.19268822631792,0.104006363133801,0.518749040163381,4.34486842258629,0.407927966131386,1.41026426854993,0,0,2.1676810016548,-2.1676810016548
2.75419806956475,1.15840541081952,0.526600310846327,2.32846662268768,0.226157551804839,0.44705199403311,0.188028397277705,0.0854759581831781,0.377948724245736,4.16118215928328,0.355984127818242,1.61163131014798,0,0,1.88330377854193,-1.88330377854193
1.9516342676709,1.05874987319262,0.376838856502085,2.30266593760194,0.163653290018497,0.376028802063369,0.203993367556764,0.0726069766906264,0.443663409897963,4.16966924795425,0.385341315662158,1.49364051215858,0,0,3.04064479931352,-3.04064479931352
1.92854166145103,0.967119306258378,0.464639894730049,2.63534328953889,0.17631095598606,0.346146682038381,0.173584603168346,0.0833964653801976,0.473007845223137,4.15323182159785,0.415809240020895,1.39791916476715,0,0,2.84089496571979,-2.84089496571979
2.33357742410936,1.17273989560622,0.64484452004456,2.72659673985555,0.236501610457703,0.371905636818754,0.186901267209787,0.102769811448526,0.434541698255816,4.23205702416932,0.383832866002156,1.49646988529455,0,0,1.34719021329575,-1.34719021329575
1.72472238277542,1.25771440344986,0.890640001468405,2.55821422553991,0.348149108302466,0.293813095780515,0.214256489146209,0.151723952023105,0.435801639024421,4.24549478338383,0.408227372219541,1.41354425563963,0,0,1.98486987283305,-1.98486987283305
2.45921927890305,0.902988292774014,0.404694744454466,2.43558085960808,0.166159437022176,0.425626677990532,0.156283707847794,0.0700420987912938,0.421535484511457,4.14631900202323,0.393205543619747,1.4696596144746,0,0,2.48287549395476,-2.48287549395476
1.76580793711771,0.627675247567654,0.687011476620919,2.30394328135649,0.298189405173389,0.354127111423378,0.125878255307825,0.137777945503853,0.462048426649293,4.19054545748192,0.412219809059828,1.4026289881678,0,0,2.93818727777633,-2.93818727777633
1.66957271447097,0.651734589711396,0.57848432088286,2.92314604777429,0.197897850955249,0.307155063798894,0.119901084719261,0.106425067292584,0.537777781713507,4.00555147043508,0.435241443732705,1.3413939299111,0,0,3.9269876947587,-3.9269876947587
2.23573669678921,1.0700416494107,0.911271399311623,2.23335964377504,0.408027162956748,0.382397475129244,0.18301852163782,0.155862666097801,0.381990907096356,4.27610711387991,0.373156011522432,1.52464156479874,0,0,1.40375902856086,-1.40375902856086
1.21425032143925,1.42246746190872,0.75945851783919,2.21958950138768,0.342161700334399,0.24785261038411,0.290353864763768,0.155020569318669,0.453062306994517,4.25585188819004,0.396129017070913,1.44003173654199,0,0,3.02041406661427,-3.02041406661427
1.50896559822567,1.32902803366133,0.601709386807719,2.20608573571958,0.272749774437689,0.290433762499332,0.255800803369688,0.115812263279707,0.424609932376551,4.21815835269375,0.384351834011785,1.49812952294241,0,0,3.08804948493283,-3.08804948493283
2.19237291770123,1.16699255304222,0.877345492393671,2.63022911988061,0.333562382745384,0.356310057765586,0.189662616532626,0.142588434910491,0.427471568397244,4.28831933746676,0.385714944594444,1.48552371343303,0,0,0.932542940365314,-0.932542940365314
1.64705895805723,1.11537155269805,0.887273104432735,2.53642533654432,0.349812427611836,0.293961850939352,0.199067971739737,0.158357685249716,0.452693137092988,4.2866678219824,0.397768269731435,1.44519733519053,0,0,1.75294087360779,-1.75294087360779
1.41977702216007,0.754274164284378,0.572617300608683,2.9656889812647,0.193080698692988,0.267183304235198,0.141944446463948,0.107759021346958,0.558103539485855,4.06520976785181,0.438509597349242,1.33485657119053,0,0,3.69608657228567,-3.69608657228567
4.38809556149046,2.28282141793711,0.803746133556535,2.95152950590954,0.272315127444017,0.46745250914792,0.243183081315772,0.0856210038236557,0.314418830225499,4.05324652983452,0.337813046234379,1.70186065345351,0,0,0.27441711765069,-0.27441711765069
1.68191948536394,1.35122417015699,0.70298677585916,3.16417766331771,0.222170450164313,0.271200421861371,0.217877590553368,0.113352816133595,0.51020653759202,4.16743227788402,0.422610299661982,1.36633996142158,0,0,2.1527943867912,-2.1527943867912
1.87249817779175,1.05582345242119,0.561711600010532,2.73481557131942,0.20539286301472,0.320998347781117,0.180997550649392,0.0962930152196505,0.468823569652221,4.10068214806147,0.396303083861246,1.45926368578733,0,0,3.06441083200612,-3.06441083200612
1.31948614917649,0.821133949911709,0.535264472621033,2.62471139115551,0.203932696914683,0.270744761997796,0.168488101202054,0.109830673354248,0.538563334942786,4.17601623652918,0.442862603505486,1.31519881710403,0,0,3.41234171037634,-3.41234171037634
1.6897289911417,1.09637159227936,0.640653177648047,2.56462553700036,0.249803789444196,0.314384214086264,0.20398651096846,0.119197366449078,0.477163964222831,4.23818601671232,0.41725253641018,1.39308932890224,0,0,2.34295070509366,-2.34295070509366
2.72925684273628,0.917755171426699,0.735063490103157,2.53773426067049,0.28965345248913,0.419041092577509,0.140909101602814,0.112859223501241,0.389635347106646,4.05962146669138,0.383388874261222,1.51354249463863,0,0,2.40659259935167,-2.40659259935167
2.38839039289125,1.20373811452325,0.372297727954219,2.38451667071966,0.156131316893606,0.407513241007307,0.205384857447687,0.0635223848621421,0.406852296681956,4.1373803521357,0.381629771611226,1.51798401179,0,0,2.67578690567821,-2.67578690567821
1.51723908099355,0.990686360063971,0.942844413879639,2.3704268942751,0.397753002278507,0.293859755799,0.191876715732342,0.182610659512995,0.459105672281338,4.44604112572799,0.393071720960468,1.42238431274319,0,0,0.814825232880442,-0.814825232880442
2.92072770259036,0.526109072487577,0.437571253022156,2.24681814917488,0.194751521471753,0.503805494411814,0.0907502062393795,0.0754780396932274,0.387560719027167,3.91016527496809,0.37694732168889,1.53914661887036,0,0,3.94453916073811,-3.94453916073811
2.81554731167856,1.86294563272871,0.674105248856379,2.35437587976722,0.286320147368749,0.399160997047796,0.264110367856864,0.095568105757828,0.333780583155215,4.06959497350482,0.365654819744563,1.58275409630277,0,0,2.39434878703613,-2.39434878703613
1.90530465093495,0.881661761489537,0.675112814790692,2.3949825324779,0.281886320937884,0.352718971549861,0.163217378184023,0.124980064262297,0.443370447513974,4.19598771755035,0.387350033355692,1.49278629046557,0,0,2.52237160596811,-2.52237160596811
2.27991831889807,0.96411677231812,0.389725656828684,2.76362254904529,0.141019857058019,0.378151732417063,0.159910302348311,0.0646406632533984,0.458379866509181,4.072541521827,0.401356069786567,1.45147102611726,0,0,2.97463383604061,-2.97463383604061
3.25927590837326,0.996890786326954,0.524428413155164,2.4313154292631,0.215697398553552,0.483703546754113,0.147946851579532,0.0778295212166902,0.360827352293575,3.90298035593114,0.362611754160981,1.60807126170785,0,0,3.32004379029714,-3.32004379029714
1.62926770902211,0.96081170347783,0.625610759475692,2.67820254739121,0.233593519685466,0.301227658644937,0.177639965632777,0.115666236589844,0.495160297021889,4.06755010870242,0.409328330977409,1.42605491350515,0,0,3.6503526868623,-3.6503526868623
1.5203210406666,1.05516104225964,0.465444108831848,3.04332530286774,0.152939322126773,0.266421920449111,0.184907018808765,0.0815646893121568,0.533314050160018,3.9888025758895,0.438767799688384,1.33650598472501,0,0,4.21823260539744,-4.21823260539744
1.5664069622046,1.19976755699843,0.68746485941932,2.82047649552344,0.243740680168915,0.276043137613052,0.211431389690755,0.121149842519684,0.497043999531495,4.16321290563118,0.429121831140257,1.35369611068697,0,0,2.76974448138681,-2.76974448138681
1.56189346446164,1.34141766442877,0.444120775983643,3.04098106834693,0.146045228826454,0.269759672461424,0.231680583870681,0.0767055358055143,0.525217676892846,4.00560441894089,0.438437266098509,1.33406230618533,0,0,4.04808772401289,-4.04808772401289
1.55547440830932,0.866690631811695,0.578240466989294,3.1169544032197,0.185514573582466,0.279325875276736,0.155636838530877,0.103838111189351,0.559730209784258,4.09137429480955,0.436646279164888,1.33682487339565,0,0,3.12448087835613,-3.12448087835613
2.14058918933374,1.07589158435237,0.725094092280584,3.73770740714008,0.193994342867889,0.297489387549173,0.149522538043798,0.100770291891091,0.519449641682157,3.96197142180618,0.437939645275061,1.34324326773901,0,0,2.67926694581214,-2.67926694581214
2.35175493328597,1.35739437767787,0.537772655720938,3.37516274396635,0.159332363063764,0.336267886182651,0.194088308963461,0.0768939278606886,0.482600812428269,4.02586112574188,0.412530773235406,1.41100905941991,0,0,2.51450245027225,-2.51450245027225
1.89247663210321,0.733036396573239,0.611251163718726,3.35178377246455,0.182365929670122,0.299677896333491,0.116077948617423,0.0967929853226509,0.530762437357338,3.95413043703253,0.439462667064493,1.33751761614659,0,0,3.55332723551904,-3.55332723551904
5.68740686691901,1.30785273395744,1.04772931049194,3.88555517959359,0.269647260704076,0.506591827418413,0.116493776864004,0.0933239204547148,0.346096304524054,3.86582818796559,0.354488959350147,1.63343354412915,0,1,-0.317298164323271,0.317298164323271
2.03363376945846,0.933462387735933,0.59305069174519,3.58255647223368,0.165538407096045,0.302449341735879,0.138827889734107,0.088200635742838,0.532810707134956,3.99040078474326,0.436823525971075,1.33971999473008,0,0,2.86600455689207,-2.86600455689207
1.24545169530389,0.736222865251879,0.72414888036302,3.63794448282678,0.199054406624792,0.21004572544235,0.124164161807451,0.122127881376405,0.613540204646714,4.09403257799208,0.458149984346247,1.27391397390125,0,0,2.66869768410512,-2.66869768410512
1.46860425735681,0.840517635276614,0.638402716518431,3.61432078045133,0.176631448976898,0.243471404533774,0.139344556691207,0.105837093464966,0.599197334778183,4.08430368077525,0.443321925483355,1.31618633955264,0,0,2.5979700678018,-2.5979700678018
1.74576396630181,1.07829979309678,0.614011205266896,2.93797830801934,0.20899106150339,0.30107016136646,0.185960931131364,0.10589086280783,0.506676515474383,4.05858641794002,0.429812005434948,1.36513031340873,0,0,3.33950311367865,-3.33950311367865
1.55216003225523,0.876450839371383,0.790623842203049,2.89501483763716,0.273098373080649,0.274373936197382,0.154929428463909,0.139757867184328,0.511749175243367,4.14565340728706,0.43027620596895,1.35491390838763,0,0,2.74367422642111,-2.74367422642111
1.47648502147583,0.935425135116296,0.701055596164335,2.7228379355869,0.257472391948743,0.280525945619643,0.17772684230998,0.133197615407819,0.51732775852075,4.17338659665006,0.433233924867084,1.34827642482764,0,0,2.9175382229408,-2.9175382229408
10.3815990698755,1.00284986342727,0.670977641063492,3.33153848311697,0.201401738105012,0.705267679623546,0.068128001421521,0.0455824618931082,0.226326060152179,3.38649422148215,0.269246991896667,2.16318014984123,0,0,1.13221662579561,-1.13221662579561
2.45475479519381,1.14843853864027,0.556719818739655,2.94988653787202,0.188725841347532,0.371153640663977,0.173641434790028,0.0841748381384456,0.446016494283052,4.12301512844446,0.355401570778042,1.63701952783297,0,0,1.83683137740328,-1.83683137740328
1.44318671278473,0.414208925532812,0.532413613539041,2.76369489948369,0.19264558241885,0.2955545761868,0.0848270998853775,0.109034595809147,0.56598544560489,4.00350538833491,0.43700202846552,1.33830051746822,0,0,4.45643773685898,-4.45643773685898
4.29618737250001,1.1800970216496,0.662804304155512,3.21565762860293,0.206117808767929,0.495999565247294,0.13624350125754,0.0765214871235621,0.371251215899149,4.03010194320119,0.372376715436737,1.5616595911751,0,0,0.442681950703066,-0.442681950703066
2.42429113391513,0.99475427231257,0.798404509360075,3.93181565522035,0.203062549054154,0.318522521666983,0.130698675098606,0.10490069203073,0.516593003088691,4.10635806947778,0.427147155150048,1.36090976713665,0,0,0.872751929207955,-0.872751929207955
2.16558937313599,1.10798140755893,0.489836443047766,3.12673371668384,0.156660748062447,0.34486906579665,0.176445506098682,0.0780062178927349,0.497930840095571,3.98961340928865,0.415924566437025,1.40711554850572,0,0,3.31052134151533,-3.31052134151533
1.62871226391588,1.37430053741216,0.688561463196605,3.68855931623089,0.186674905881737,0.23833115094189,0.201102819741779,0.100757911420967,0.539750701600995,4.12931094855814,0.428214518310757,1.35663135291476,0,0,1.92685139798444,-1.92685139798444
8.45398188573589,1.95255746688393,0.559164939584062,3.68689927914833,0.151662656679146,0.633971270707948,0.146423940238067,0.041932252999213,0.276483703486244,3.72507615609088,0.326473206292191,1.75500837701773,0,0,0.172594208889412,-0.172594208889412
3.65200948010135,1.12270132541298,0.535714790816629,3.56619334673324,0.150220343859753,0.435722470648192,0.133949870057667,0.0639163105926338,0.425483719118009,3.89218077931851,0.398429433805018,1.46964273599441,0,0,2.09219242780474,-2.09219242780474
1.8641814253295,0.949577590430594,0.832619260222846,3.03476524361392,0.274360351916819,0.304928754997532,0.155324749238062,0.136193586609652,0.49640403818604,4.16998539400161,0.429819996792016,1.3505480950653,0,0,1.96545709739469,-1.96545709739469
2.47835237489578,0.993784115888586,0.481047553234279,3.20236556614135,0.150216314564583,0.368360631411187,0.147707383390355,0.0714987030266983,0.47597162288227,3.92547572385481,0.394592354525534,1.49279863144938,0,0,3.35581498493476,-3.35581498493476
2.38210379270126,0.869314392540361,0.634271134168592,4.08099096932094,0.155420861976113,0.320503358062534,0.116963073932782,0.0853388626667032,0.549082417776188,4.02047625678658,0.419993155223478,1.39146625078296,0,0,1.58321553438028,-1.58321553438028
5.22864844018216,1.02608202705801,0.703203259188328,4.00385729240566,0.175631449333155,0.507061782901773,0.0995069735507738,0.0681949651856779,0.388284475500279,3.78443891114414,0.366935723936563,1.60385788924917,0,0,0.959824830759279,-0.959824830759279
2.07725049851232,1.10084287254814,0.681896843795288,3.72792420049987,0.182915962643193,0.295055722801901,0.156365344325893,0.0968576328499847,0.529519848625356,4.12188210882592,0.437165111649589,1.33381549178402,0,0,1.49709569063289,-1.49709569063289
1.79264367154813,0.996343597441258,0.607042387020886,4.07322540495395,0.149032358062627,0.263238909110046,0.146307046878264,0.0891405125732184,0.598128579135541,3.92276431350584,0.461121423112326,1.26935882503195,0,0,3.11104514457243,-3.11104514457243
13.2795004725367,1.75605506690912,0.756639109026493,4.3391799342437,0.174373757367214,0.695355264393966,0.0919524147663741,0.0396199381743331,0.227212734143805,3.44908814226384,0.280078906160712,2.06037843337408,0,1,-0.311255653444202,0.311255653444202
1.00210867440638,1.16033486279808,0.59558280880584,3.78389919447499,0.157399227145235,0.162728133899974,0.188421806680862,0.0967141404272253,0.614451177310963,3.9847381548526,0.464045364577047,1.25990571812329,0,0,3.79055426044109,-3.79055426044109
2.61652562758411,0.789252673400164,0.562749555102881,3.66900031595993,0.153379533017469,0.366902272656307,0.110672946031093,0.0789115491653773,0.514485522370117,3.89091251546708,0.42381414742518,1.38990131806707,0,0,2.95610842474703,-2.95610842474703
2.78183381164335,0.939717415162164,0.581634209436641,4.17432235250254,0.139336198865415,0.350004191356988,0.118233171450171,0.0731799327074726,0.525204026687689,3.88607505952519,0.43761253984827,1.3474712867159,0,0,2.34383947937609,-2.34383947937609
3.40613727049426,1.41518873988748,0.748288958649399,3.68672888867429,0.202968262990034,0.395804044694015,0.164449457778784,0.0869535702506574,0.428409688143839,3.98769123270159,0.406053415750804,1.44846301604609,0,0,1.2505491981835,-1.2505491981835
2.94787037287419,1.18875094872411,0.646270915447529,4.76756511386426,0.135555760647746,0.324100215678483,0.130695855019513,0.0710535120576055,0.524164459836159,3.85014430847393,0.429424968715626,1.36996059521291,0,0,1.85906287231474,-1.85906287231474
7.15445917546492,2.00855391100289,0.975035545314896,4.49299864536907,0.217012205494401,0.527400481164628,0.148063225063994,0.0718760430578982,0.331207375613501,3.86750615379835,0.352967933768966,1.65348593462264,0,1,-1.09270018708825,1.09270018708825
2.54088980468889,1.37925660430597,0.68457119645401,4.15609957679666,0.164714820664053,0.317836748285164,0.172529494728372,0.0856321602964073,0.519881331571612,4.05202354720276,0.431449220316592,1.35455209419983,0,0,1.17385960690338,-1.17385960690338
2.37921073180852,0.880263828076324,0.661723224079823,3.91328610799805,0.169096561257655,0.329993034786324,0.122091300344265,0.0917800394825497,0.542767036774349,4.03575517153888,0.435299252899193,1.34226313971588,0,0,1.66517071260133,-1.66517071260133
1.1467893626598,1.10608143397899,1.00397542860211,4.33580749782418,0.231554428813072,0.162210353348094,0.1564523233991,0.142009696225849,0.613288620536339,4.1453543815351,0.458566392898984,1.25528245196026,0,0,1.14705468262112,-1.14705468262112
1.94518809726007,1.45635966550889,0.88995971382327,4.57012228687417,0.194734332684996,0.238219926330085,0.17835493272672,0.10899004459381,0.559685819603846,4.07714898555102,0.439792405875143,1.32512270079642,0,0,0.822562843930162,-0.822562843930162
2.3563264241789,1.11428501621531,0.736331981262374,3.9164851406183,0.188008368428567,0.31414414076488,0.148555864499172,0.0981673740946037,0.522143641344891,3.98305507911868,0.440237064612388,1.34023592676495,0,0,2.08479138516119,-2.08479138516119
1.65144894495113,1.22703119909729,0.802900120717914,3.90638352234954,0.205535405349805,0.235140318818625,0.174709916548267,0.114320331211153,0.556207486571905,4.04067883882826,0.448871633769643,1.30301240594123,0,0,2.27587484498721,-2.27587484498721
2.82031767190891,1.20728356818146,0.699009932346917,4.01783955600548,0.173976566909474,0.35441064538495,0.151711331253062,0.0878399492798563,0.504895290441974,4.01493828222591,0.427162315338682,1.37308520506485,0,0,1.30496319611128,-1.30496319611128
3.00020362384301,0.624182969120078,0.557926920191608,4.13441904295754,0.134946872678996,0.378201554129918,0.0786836490385468,0.0703315023788618,0.521179194320142,3.88015819714791,0.418045492893905,1.40891941922563,0,0,2.12358826641817,-2.12358826641817
3.27559879956563,1.1115252258459,0.686377513730457,4.55922579082096,0.150546944859001,0.364501193328383,0.12368800211099,0.0763785305030936,0.50734028893531,3.9494743566983,0.421100957163104,1.394238505325,0,0,0.88446461122165,-0.88446461122165
2.40451886918133,1.04612910312425,0.528358214743207,3.53737898831276,0.14936432214045,0.347609473077746,0.151233742005162,0.0763821498667282,0.511381491725343,4.08931175455766,0.414505989180726,1.40444011613999,0,0,1.74675045653995,-1.74675045653995
2.10372402251912,0.987989255835378,0.781825525018668,3.80439458754006,0.205505897726608,0.296343049783394,0.139174029527355,0.110132582982581,0.535909597733756,3.97662060324358,0.442203255015012,1.32541871765695,0,0,2.45029819704879,-2.45029819704879
3.26917769633146,1.51755243334414,0.613362280415803,3.67102224510785,0.167082147549826,0.395474758906952,0.183579400831866,0.0741988727753341,0.444086180740567,4.09902862276103,0.393569203719479,1.47728404518658,0,0,0.613821647680159,-0.613821647680159
4.34608504369779,1.8660000102443,0.550427576438421,3.83416981018927,0.143558476459667,0.464874698150904,0.199594849799314,0.0588759425731426,0.410118190336772,3.76647301613457,0.387492904207075,1.50929694827987,0,0,2.43649297481007,-2.43649297481007
2.319167210854,1.32396286145986,0.831672510604308,3.64928816369071,0.227899928232358,0.3194132592837,0.182346184772827,0.114544232095692,0.502607583004182,4.09493971445179,0.4116277147431,1.40239132472899,0,0,1.34515733554357,-1.34515733554357
4.16772376354015,0.888112995211822,0.575193932749197,2.99867556771176,0.191815993348062,0.513772178012192,0.109481283731561,0.0709064843004215,0.369658874960218,3.91363212912606,0.359249834962794,1.61713627447766,0,0,1.69515687729707,-1.69515687729707
3.19045899786189,1.20577034829871,0.730464482010372,3.04527660367113,0.239868024182035,0.425053044258933,0.160640320895829,0.0973170794577231,0.405710931207194,4.02716804190198,0.391904470956186,1.49182316635721,0,0,1.6816823098712,-1.6816823098712
1.70303258332369,1.66304421565784,0.660607408008003,4.27253600426634,0.154617165858486,0.218568191177883,0.213436060839059,0.0847827385458634,0.54833975306119,4.05401012618236,0.429136141048264,1.36737576010569,0,0,1.83286757156357,-1.83286757156357
1.60199677994782,0.651277315671172,0.598956065529148,4.54647553803789,0.131740743025671,0.231624442240196,0.0941648240959263,0.086599964707226,0.657351421574654,3.89343624239704,0.466867991750708,1.25144998133126,0,0,2.8752698591771,-2.8752698591771
3.27538663893265,1.45980041681438,0.474397273413085,4.0478056566022,0.117198629000213,0.379098883854506,0.168959811365968,0.0549075564749592,0.468499989661649,3.87453975868317,0.404620489000575,1.45018455106087,0,0,2.30299332037619,-2.30299332037619
4.4730087472237,1.79814922997796,0.952560766490439,3.96931595820684,0.239981089064213,0.434240285274472,0.174564566876008,0.0924747261535795,0.385341722192266,4.0186641440293,0.373735604762943,1.55039356221488,0,1,-0.370845774808042,0.370845774808042
2.58294090909946,1.53673371161805,0.58187948581939,4.00568825861096,0.145263297653913,0.328914673686705,0.195689442805115,0.0740972046743415,0.510088961706463,3.95838055309928,0.425601595956742,1.37745201821593,0,0,2.19107209301713,-2.19107209301713
3.62193780393364,1.26051237422827,0.796746687412271,3.58805103688946,0.222055561423391,0.43482679213114,0.15132909006113,0.0956523344637029,0.430758562634347,3.89693538433242,0.396101092498926,1.47351132778034,0,0,1.76315452540196,-1.76315452540196
2.89130221739057,1.80726651751885,0.805872879625131,3.32519829823022,0.242353329740979,0.359606569222059,0.224779308135211,0.100230677972032,0.413572522726036,4.13831119751297,0.394140334210598,1.47455953998151,0,0,0.784822683238948,-0.784822683238948
1.2198350428516,0.900388658714565,0.853781531339546,3.11930693611514,0.273708727235053,0.218259548007565,0.161102456298336,0.152763254523133,0.558123433133882,4.45649038254197,0.406333411201082,1.38115835727153,0,0,0.216711598979108,-0.216711598979108
3.69614124501783,0.716539351975038,0.738344972448453,2.77726685017472,0.265853089486883,0.497669093199251,0.0964788588692789,0.0994148893530379,0.373946714499036,4.02136103351099,0.35505847401621,1.61183696656125,0,0,1.27810968562513,-1.27810968562513
1.96110664958317,1.19748545973316,0.593256867575783,2.09169382217505,0.283625099087822,0.368442147138333,0.224977113837637,0.111457902679919,0.392976161271987,4.16439834842945,0.375518957743002,1.53034213260469,0,0,3.08715168321267,-3.08715168321267
3.31348224369813,2.38410381419965,0.750728744125773,2.44609055062987,0.30690962929907,0.412329533731434,0.296677737128635,0.0934206403589122,0.30439136293074,4.14296113469378,0.323885093365213,1.74701132197819,0,0,0.93467323162641,-0.93467323162641
1.68554257399695,1.48065735599031,0.742728037222922,2.48380365308741,0.299028482504927,0.300155716368637,0.263670450239583,0.132262494889744,0.442307347386431,4.36153267756498,0.37162823083268,1.52187536151912,0,0,1.18689500813976,-1.18689500813976
1.66135127841935,1.07178730800247,0.672073286971047,2.03351931889125,0.330497615993875,0.339184265489588,0.218817895738314,0.137211610306359,0.415166717296086,4.39393296694335,0.381202605629394,1.49739747097604,0,0,1.66997058230455,-1.66997058230455
3.19527658371768,0.828633012208038,0.651465831416219,2.00980050618955,0.324144525493904,0.512863866763441,0.133001297269357,0.104564746309267,0.322586803370936,3.95208046221646,0.346871437401616,1.66964207204131,0,0,3.24288981192827,-3.24288981192827
2.00596088192857,0.72942982106372,0.552614442284058,1.81149344441196,0.305060139184465,0.428942435709617,0.155976822352333,0.118167700585338,0.387358705405571,4.21380035609459,0.375141814654807,1.53246201544542,0,0,3.05368844884011,-3.05368844884011
0.770218852952672,0.657678178702104,0.762349106958986,2.52720120316054,0.301657464394044,0.176942827563013,0.151088792646308,0.175134906213143,0.580575410474084,4.33361716475333,0.428898766578439,1.33381133072337,0,0,2.74686831282823,-2.74686831282823
1.45186826046669,0.892125808255496,0.625469497038746,2.38178994741211,0.262604810184181,0.29392087789256,0.180604816492633,0.126622055644052,0.482177213567581,4.37798571189462,0.400382188297499,1.42549184009111,0,0,1.74244281421598,-1.74244281421598
1.76049092916982,1.09805835976524,0.645670355384472,2.14747505528272,0.300664891913945,0.351284273154113,0.219104016044448,0.128835563836361,0.428502187323007,4.31789852446138,0.389658678081517,1.46980937305798,0,0,2.0458852393269,-2.0458852393269
23.8530469316129,1.4675494767865,0.749332811956286,2.01353625637761,0.372147662890536,0.877075631249999,0.0539617386170165,0.0275529390835125,0.0740376518006429,2.76078747580778,0.179662989438026,3.14280903947111,0,1,-0.720704019307912,0.720704019307912
1.36186067815666,0.765772792682239,0.722777233369704,1.85537111228828,0.389559387112739,0.318490791058489,0.179087028816011,0.16903189621905,0.433905334618807,4.43656556656497,0.368313617233449,1.53285434682534,0,0,1.94528994252058,-1.94528994252058
1.89053474910963,1.43579081334337,0.945902230228596,2.26110906295939,0.418335517611245,0.330404068886424,0.250929599163316,0.165312986594645,0.395168422558538,4.39276360014565,0.357664465450924,1.56520770518193,0,0,0.738068162848056,-0.738068162848056
4.3664981508253,1.58971176282087,0.497438530607865,2.13561233781976,0.232925480808796,0.571681975693653,0.208132359149426,0.0651269351643496,0.279604167556967,3.91411550749323,0.275448174130417,2.05537732685616,0,0,2.02038182839325,-2.02038182839325
1.1458365145428,1.32911524460493,0.825154546821739,2.37411186561804,0.347563465214783,0.226762609286042,0.263033719979442,0.163299210425494,0.469839976778286,4.49747688347142,0.386401158433554,1.45150969720753,0,0,0.912520426441082,-0.912520426441082
1.96451314713092,1.1358306495998,0.835542170871208,1.52891002354189,0.546495318891023,0.408906876657134,0.236419371393672,0.173915323450619,0.318237535508149,4.37039200431346,0.342319448220887,1.62858119100975,0,0,1.9158438253855,-1.9158438253855
4.40849955032088,1.11519695767794,0.51419944940315,1.71167619872339,0.300406963528881,0.61269544215346,0.154990623288811,0.0714636931252942,0.237889602443998,3.80994406307503,0.276015990383086,2.03596395570518,0,0,3.14224896582797,-3.14224896582797
3.20495861402235,1.33089904371424,0.405289932579449,1.97553297113368,0.205154729635755,0.501312907849852,0.208176438453791,0.0633946016446928,0.30900872603448,4.13412979621967,0.327196429201245,1.72266954528478,0,0,1.94378443955801,-1.94378443955801
2.19864432272135,0.785076232161189,0.512460827171886,2.11746506810487,0.242016189495177,0.417341752740221,0.149021416233118,0.0972741691834457,0.401932488013924,4.2224734574887,0.359218634411271,1.59816991702785,0,0,2.33591069622692,-2.33591069622692
2.26470047994207,1.16028368831288,0.468802881501873,1.99833455267113,0.234596795053778,0.419379361176793,0.214862422778731,0.0868133577501271,0.370053468676869,4.21902526405306,0.3511607616604,1.62309463744891,0,0,2.39956748219682,-2.39956748219682
3.50482123890018,1.43787861914399,0.369077674952404,1.87100574855156,0.197261646704253,0.528271257523465,0.216727157970447,0.0556299777309402,0.282011119041018,4.00541772762807,0.29036473939092,1.96154253341768,0,0,2.58570172020389,-2.58570172020389
2.21343790438458,0.608117990965022,0.57790736662833,2.18500261685989,0.264488180549117,0.433319102721139,0.119049710710909,0.113135453706324,0.427752398883905,4.14932507217031,0.377135480382951,1.52417126110286,0,0,2.82973494369783,-2.82973494369783
2.01473929374279,1.70493355817652,0.945914518291506,2.25477555958874,0.419516041970952,0.327087539968989,0.276791406752463,0.153566694097752,0.366056786234613,4.46485277137026,0.358559451579416,1.55610778012862,0,1,-0.00904873329310857,0.00904873329310857
2.89222265005028,0.709868375749308,0.397103583870141,2.14714383602037,0.1849450312589,0.496731258526614,0.121917934522803,0.0682014446494343,0.368766028398789,4.0565367652631,0.353733140108372,1.6185121067305,0,0,2.87491530018652,-2.87491530018652
15.862823103145,2.24475535219389,0.483634732502792,1.96369208648498,0.246288476605566,0.811186482872232,0.114791370187679,0.0247319127940102,0.100418473226495,3.11696171925736,0.198263014306268,2.82866359521848,0,0,2.56703856861386,-2.56703856861386
1.98860068034424,0.985471756512305,0.636679867544267,2.09445741899246,0.303983199548904,0.378744810158334,0.187690931128537,0.121260742766589,0.398906067659443,4.32027764807967,0.359941035409864,1.57326729812618,0,0,1.73687079539294,-1.73687079539294
2.73632872057749,1.09448344749186,0.697858985150755,1.68434545815334,0.414320578817522,0.483822776623004,0.193520616346735,0.123391633961176,0.297816812076623,4.2432495894542,0.332755424891955,1.71147785933994,0,0,1.74340502433207,-1.74340502433207
2.02855572853965,1.16527426227195,0.773266623744684,1.4422849331165,0.536139985927611,0.441229612807975,0.253457918026974,0.16819263488404,0.313710298240559,4.32069836569043,0.319138169144831,1.72149900744712,0,0,2.29309017141585,-2.29309017141585
2.289420975659,0.599028782243135,0.553876728924149,1.79828605212386,0.308002571821094,0.476972939785785,0.124800341361668,0.115393461701748,0.374650968073005,4.22983137691864,0.359616669766868,1.5738127577666,0,0,2.53321668188479,-2.53321668188479
2.13467372821975,0.645297887445432,0.435944807446907,1.77300384801542,0.245879222391352,0.463124793734004,0.139999592007622,0.0945797225867556,0.384659271600504,4.18911610257102,0.35820181325481,1.58655553804129,0,0,3.16629168628238,-3.16629168628238
1.67944325852487,0.876697725860199,0.787381787835074,1.84612628480747,0.426504835728065,0.357360200428414,0.186548055993103,0.167542971211527,0.392827834942417,4.36435303875923,0.359559516754164,1.5740080786578,0,0,2.008192599966,-2.008192599966
1.49530251873617,1.61594603821358,0.903799953824604,1.95563709676662,0.46215116051895,0.28370273117547,0.306592344177186,0.171477351320869,0.371041697976734,4.37765748409032,0.357454480531207,1.56372831683115,0,0,1.77535571110748,-1.77535571110748
5.22838570143372,1.63376821546407,0.6250514200331,1.77278221072801,0.352582181979599,0.614704024616805,0.192082978319941,0.0734876203531494,0.208426926002181,3.86876694891946,0.270299585894602,2.06587223230273,0,0,1.71585223720998,-1.71585223720998
3.53849530224509,1.0096563313863,0.300770988393825,1.67538435006076,0.179523575221959,0.588058298430215,0.167793577077129,0.0499847705152601,0.27843011957321,3.88269199640881,0.324053830090915,1.77527744269673,0,0,3.91011813270878,-3.91011813270878
8.73698777190592,1.74867296731512,0.701197528903869,1.54302935395279,0.454429157233858,0.733180327711985,0.146743094154234,0.0588422746436355,0.129486133772341,3.51019913767337,0.220233837976762,2.48964042287432,0,0,1.87769985101666,-1.87769985101666
1.84371604902741,1.62518649229328,0.779020520666068,1.64796894437798,0.47271553467296,0.361954383472608,0.319053129225801,0.152935639096346,0.323525731393939,4.37001083329623,0.329707822334617,1.69190914222047,0,0,1.77851402116604,-1.77851402116604
3.35303321968893,1.09146081713539,0.80835786021303,2.01422565922227,0.401324378185686,0.509751395050343,0.165931453023054,0.122892175515556,0.306216572417378,4.13205554401868,0.325052323603366,1.7302570513737,0,0,1.39565826150075,-1.39565826150075
2.83359340457116,0.898412651482571,0.693289892790244,2.02338011572495,0.342639471151394,0.481531615233181,0.152673313862332,0.117815421705024,0.343846613202854,4.22486854222908,0.342306871761363,1.66448061472216,0,0,1.41465028602712,-1.41465028602712
2.68516290417277,2.38447932084045,0.63569119450663,1.65422258811836,0.38428395251797,0.439650549673559,0.390418638088441,0.10408380908777,0.270851302547959,4.13615726867092,0.309638263478347,1.78331464624768,0,0,2.43492185655983,-2.43492185655983
1.90303424007201,0.810242951133295,0.521477584539836,2.00365425462724,0.260263258162198,0.40351207555318,0.171800805277029,0.110572105357477,0.424847157214052,4.30715295634413,0.37005528253177,1.54709273569024,0,0,2.19068248984134,-2.19068248984134
2.54196979292069,1.30924802697948,0.71091503863443,1.65273540854006,0.430144495580459,0.450093751013129,0.231821934749529,0.125878134855003,0.292641510349066,4.26822673914686,0.311041600321247,1.79562865932422,0,0,1.72134608335042,-1.72134608335042
1.83505178509015,1.64753782543823,0.590656635282174,2.20189354740753,0.268249405598014,0.33300782255302,0.298979564653523,0.10718677346871,0.39957879209371,4.32119392932249,0.354341736183834,1.59488918022899,0,0,1.71792945557646,-1.71792945557646
1.49111410125853,1.15844559319846,0.772235185761752,1.79030103351901,0.431343763592567,0.326243257346564,0.25345817832777,0.168958580854344,0.391702848436073,4.45172021680449,0.354348329719607,1.592510554419,0,0,1.58269939526948,-1.58269939526948
1.86795022653611,1.07868361567596,0.81263983050859,1.9973101415318,0.406867122742065,0.365169819744433,0.210874302699224,0.158864800682756,0.39045868246147,4.48614180402476,0.353214864986645,1.56432676892904,0,0,0.519646892447175,-0.519646892447175
1.98950369974279,1.11469568602904,0.727283925374794,2.12682700834638,0.341957254878129,0.373145603610477,0.209069123449771,0.136407285578439,0.398901569224063,4.31196395317787,0.362221115085774,1.56801429617273,0,0,1.67123698347401,-1.67123698347401
1.31579101330713,0.676271620358938,0.702783413792467,1.72077348699305,0.408411344726458,0.316953044519332,0.162903034621011,0.169289302318117,0.414506855659217,4.31291635322811,0.382258749397269,1.47553157125432,0,0,3.28343511706153,-3.28343511706153
2.8752698518208,1.21027016339938,0.930580040961612,1.90564017364275,0.4883293571539,0.457327393579777,0.192500087949765,0.148013844467792,0.303102490766585,4.20793407871682,0.326535563428206,1.71256170083095,0,0,1.38749452711121,-1.38749452711121
13.5202052606643,2.82190743073677,0.579133987280715,1.69702810093318,0.341263640220367,0.798831732460025,0.166730397821379,0.0342177206238068,0.100267700953173,3.29493417838218,0.190902227391275,2.82870715628786,0,0,2.35078231432438,-2.35078231432438
2.6844660952098,1.78752595900953,0.556099002938141,1.92965252314974,0.288186083383774,0.440832714909566,0.293540649624003,0.0913204430710324,0.316880128279554,4.27656780252366,0.292283646070351,1.91204010240737,0,0,1.10616750349694,-1.10616750349694
1.38612687755309,1.10312629021024,0.69141064274386,1.95648780810943,0.353393790586396,0.30177561146391,0.240163159766275,0.150527973207627,0.425949683376869,4.34001577175047,0.386881438970292,1.47693995870404,0,0,2.5635202258488,-2.5635202258488
4.70641050121679,0.960805410220616,0.840836053780128,2.67519034036623,0.31430887032323,0.54938050281881,0.112155061536083,0.0981510078422784,0.312275653376697,4.06293363479003,0.315584588767103,1.78983988725977,0,1,-0.192271710246284,0.192271710246284
1.71204866279391,1.2118842821087,0.739005402156866,1.45170398721373,0.509060668473638,0.386941190384855,0.273898725496849,0.167023073716123,0.328100527225807,4.33534830451347,0.342216032917874,1.6461293880769,0,0,2.67705219648027,-2.67705219648027
2.93828053318151,1.56436299933593,0.854205154496184,1.74456652006129,0.48963747995472,0.479426070733672,0.255250102059074,0.139376828112844,0.28465310320144,4.15751650374225,0.3150280420781,1.74662153489319,0,0,1.8954647754443,-1.8954647754443
1.27360778250518,1.15914394021813,0.65393592564507,1.85247863432951,0.353005920568556,0.29029729974741,0.264207207655414,0.149053606636402,0.422241095549713,4.44006307459912,0.386969422788577,1.45468080342522,0,0,2.09014312684891,-2.09014312684891
3.72135856306292,1.19895985777384,0.745229719626336,1.58520189891033,0.470116595329975,0.561397582672983,0.180872967350445,0.112424039781306,0.239140759756408,4.06763990295107,0.294639425872478,1.8807028194727,0,0,1.90157270262531,-1.90157270262531
3.56827977847685,1.29062283562827,0.599637881975206,1.6767862867056,0.357611394325822,0.551693632946412,0.199543882530225,0.0927103316154218,0.259248818931516,4.14897740817188,0.291409163927855,1.89251907345296,0,0,1.40730890974972,-1.40730890974972
